CREATE DATABASE  IF NOT EXISTS `library` /*!40100 DEFAULT CHARACTER SET utf8mb4 COLLATE utf8mb4_0900_ai_ci */ /*!80016 DEFAULT ENCRYPTION='N' */;
USE `library`;
-- MySQL dump 10.13  Distrib 8.0.41, for Win64 (x86_64)
--
-- Host: localhost    Database: library
-- ------------------------------------------------------
-- Server version	9.2.0

/*!40101 SET @OLD_CHARACTER_SET_CLIENT=@@CHARACTER_SET_CLIENT */;
/*!40101 SET @OLD_CHARACTER_SET_RESULTS=@@CHARACTER_SET_RESULTS */;
/*!40101 SET @OLD_COLLATION_CONNECTION=@@COLLATION_CONNECTION */;
/*!50503 SET NAMES utf8 */;
/*!40103 SET @OLD_TIME_ZONE=@@TIME_ZONE */;
/*!40103 SET TIME_ZONE='+00:00' */;
/*!40014 SET @OLD_UNIQUE_CHECKS=@@UNIQUE_CHECKS, UNIQUE_CHECKS=0 */;
/*!40014 SET @OLD_FOREIGN_KEY_CHECKS=@@FOREIGN_KEY_CHECKS, FOREIGN_KEY_CHECKS=0 */;
/*!40101 SET @OLD_SQL_MODE=@@SQL_MODE, SQL_MODE='NO_AUTO_VALUE_ON_ZERO' */;
/*!40111 SET @OLD_SQL_NOTES=@@SQL_NOTES, SQL_NOTES=0 */;

--
-- Table structure for table `author`
--

DROP TABLE IF EXISTS `author`;
/*!40101 SET @saved_cs_client     = @@character_set_client */;
/*!50503 SET character_set_client = utf8mb4 */;
CREATE TABLE `author` (
  `author_id` int NOT NULL AUTO_INCREMENT,
  `firstname` varchar(45) NOT NULL,
  `lastname` varchar(45) NOT NULL,
  PRIMARY KEY (`author_id`)
) ENGINE=InnoDB AUTO_INCREMENT=200 DEFAULT CHARSET=utf8mb4 COLLATE=utf8mb4_0900_ai_ci;
/*!40101 SET character_set_client = @saved_cs_client */;

--
-- Dumping data for table `author`
--

LOCK TABLES `author` WRITE;
/*!40000 ALTER TABLE `author` DISABLE KEYS */;
INSERT INTO `author` VALUES (1,'Adam','Smith'),(2,'Adam','Steltzner'),(3,'Alan','Shepard'),(4,'Alan','Weisman'),(5,'Aldous','Huxley'),(6,'Alexandre','Dumas'),(7,'Alice','Sebold'),(8,'Andrew','Chaikin'),(9,'Andy','Weir'),(10,'Andy','Weir'),(11,'Angela','Duckworth'),(12,'Annie','Dillard'),(13,'Anthony','Burgess'),(14,'Antoine','de  Saint-Exupéry'),(15,'Armand','Delsemme'),(16,'Ashlee','Vance'),(17,'Atul','Gawande'),(18,'Austin','Kleon'),(19,'Ben','Horowitz'),(20,'Bill','Bryson'),(21,'Bram','Stoker'),(22,'Brene','Brown'),(23,'Brian','Greene'),(24,'Buzz','Aldrin'),(25,'C.S.','Lewis'),(26,'Carl','Sagan'),(27,'Carlo','Rovelli'),(28,'Charles','Darwin'),(29,'Charles','Dickens'),(30,'Charles','Duhigg'),(31,'Charles','Wohlforth'),(32,'Charlotte','Brontë'),(33,'Chris','Ferrie'),(34,'Chris','Hadfield'),(35,'Chris','Hadfield'),(36,'Clayton','Christensen'),(37,'Cormac','McCarthy'),(38,'Dalai','Lama'),(39,'Dale','Carnegie'),(40,'Dan','Brown'),(41,'Daniel','H. Pink'),(42,'Daniel','Kahneman'),(43,'Danny','Iny'),(44,'Dante','Alighieri'),(45,'Dave','Ramsey'),(46,'David','Carey'),(47,'David','McCullough'),(48,'David','Whitehouse'),(49,'Dee','Brown'),(50,'Delia','Owens'),(51,'Don','Miguel Ruiz'),(52,'Doris','Kearns Goodwin'),(53,'Douglas','Adams'),(54,'E.B.','White'),(55,'Elizabeth','Gilbert'),(56,'Elizabeth','Kolbert'),(57,'Ellen','Mahoney'),(58,'Emily','Brontë'),(59,'Eric','Ries'),(60,'Erin','Morgenstern'),(61,'Ernest','Hemingway'),(62,'Eugene','Cernan'),(63,'F.','Scott Fitzgerald'),(64,'Frances','Hodgson Burnett'),(65,'Francis','French'),(66,'Frank','White'),(67,'Franz','Kafka'),(68,'Fyodor','Dostoevsky'),(69,'Gabriel Garcia','Marquez'),(70,'Gary','Vaynerchuk'),(71,'Gene','Kranz'),(72,'George','Orwell'),(73,'Gillian','Flynn'),(74,'Gregory David','Roberts'),(75,'Harper','Lee'),(76,'Herman','Melville'),(77,'Hermann','Hesse'),(78,'Homer',''),(79,'Homer','Hickam'),(80,'Isabel','Allende'),(81,'J.D.','Salinger'),(82,'J.K.','Rowling'),(83,'J.R.R.','Tolkien'),(84,'Jack','London'),(85,'Jack','Weatherford'),(86,'James','Clear'),(87,'James D. ','Watson'),(88,'James','Dashner'),(89,'James','Gleick'),(90,'James R.','Hansen'),(91,'James','Schefter'),(92,'Jane','Austen'),(93,'Jared','Diamond'),(94,'Jean-Jacques','Rousseau'),(95,'Jeannette','Walls'),(96,'Jeffrey','Kluger'),(97,'Jeffrey','Kluger'),(98,'Jen','Sincero'),(99,'Jim','Bell'),(100,'Jim','Collins'),(101,'John','Green'),(102,'John','Milton'),(103,'John','Rocco'),(104,'John','Steinbeck'),(105,'John Stuart','Mill'),(106,'Jonathan','Fetter-Vorm'),(107,'Joseph','Heller'),(108,'Julia','Cameron'),(109,'Karl','Marx'),(110,'Karl','Marx'),(111,'Khaled','Hosseini'),(112,'Kurt','Vonnegut'),(113,'Laura','Hillenbrand'),(114,'Leland','Melvin'),(115,'Leo','Tolstoy'),(116,'Leon','Lederman'),(117,'Leonard','Susskind'),(118,'Liane','Moriarty'),(119,'Lois','Lowry'),(120,'Loretta Hidalgo','Whitesides'),(121,'Louisa May','Alcott'),(122,'M. Scott','Peck'),(123,'Malcolm','Gladwell'),(124,'Margaret','Atwood'),(125,'Margot Lee','Shetterly'),(126,'Mark','Manson'),(127,'Markus','Zusak'),(128,'Mary','Roach'),(129,'Mary','Shelley'),(130,'Maurice','Sendak'),(131,'Maya','Angelou'),(132,'Michael','Carroll'),(133,'Michael','Chabon'),(134,'Michael','Jackson'),(135,'Michelle','Obama'),(136,'Michio','Kaku'),(137,'Michio','Kaku'),(138,'Miguel','de Cervantes'),(139,'Mike','Massimino'),(140,'Mike','Mullane'),(141,'Milan','Kundera'),(142,'Napoleon','Hill'),(143,'Nathalia','Holt'),(144,'Nathaniel','Hawthorne'),(145,'Neil','deGrasse Tyson'),(146,'Niccolò','Machiavelli'),(147,'Norton','Juster'),(148,'Oscar','Wilde'),(149,'Patrick','Lencioni'),(150,'Paul','Kalanithi'),(151,'Paula','Hawkins'),(152,'Paulo','Coelho'),(153,'Peter','Thiel'),(154,'Rachel','Carson'),(155,'Ray','Bradbury'),(156,'Rebecca','Skloot'),(157,'Richard','Dawkins'),(158,'Robert A.','Heinlein'),(159,'Robert','Greene'),(160,'Robert','Kanigel'),(161,'Robert','Kurson'),(162,'Robert T.','Kiyosaki'),(163,'Robert','Zubrin'),(164,'Robinson','Wells'),(165,'Roger','Penrose'),(166,'Ron','Chernow'),(167,'Ron','Garan'),(168,'Scott','Kelly'),(169,'Scott','Parazynski'),(170,'Siddhartha','Mukherjee'),(171,'Simon','Sinek'),(172,'Stephen','Hawking'),(173,'Stephen','King'),(174,'Stephen R.','Covey'),(175,'Steven','Pressfield'),(176,'Stieg','Larsson'),(177,'Sun','Tzu'),(178,'Susan','Cain'),(179,'Suzanne','Collins'),(180,'Sylvia','Plath'),(181,'Tara','Westover'),(182,'Teasel','Muir-Harmony'),(183,'Thomas S.','Kuhn'),(184,'Tom','Wolfe'),(185,'Tony','Robbins'),(186,'Truman','Capote'),(187,'Twyla','Tharp'),(188,'Veronica','Roth'),(189,'Victor','Frankl'),(190,'Victor','Hugo'),(191,'Viktor E.','Frankl'),(192,'Vincent','Bugliosi'),(193,'Virgil',''),(194,'Virginia','Woolf'),(195,'Walter','Isaacson'),(196,'William L.','Shirer'),(197,'William','Strunk'),(198,'Yann','Martel'),(199,'Yuval Noah','Harari');
/*!40000 ALTER TABLE `author` ENABLE KEYS */;
UNLOCK TABLES;

--
-- Table structure for table `book`
--

DROP TABLE IF EXISTS `book`;
/*!40101 SET @saved_cs_client     = @@character_set_client */;
/*!50503 SET character_set_client = utf8mb4 */;
CREATE TABLE `book` (
  `book_id` int NOT NULL AUTO_INCREMENT,
  `title` varchar(225) NOT NULL,
  `published` int DEFAULT NULL,
  `author_id` int DEFAULT NULL,
  `genre_id` int DEFAULT NULL,
  PRIMARY KEY (`book_id`),
  KEY `fk1_idx` (`author_id`),
  KEY `fk2_idx` (`genre_id`),
  CONSTRAINT `fk1` FOREIGN KEY (`author_id`) REFERENCES `author` (`author_id`),
  CONSTRAINT `fk2` FOREIGN KEY (`genre_id`) REFERENCES `genre` (`genre_id`)
) ENGINE=InnoDB AUTO_INCREMENT=529 DEFAULT CHARSET=utf8mb4 COLLATE=utf8mb4_0900_ai_ci;
/*!40101 SET character_set_client = @saved_cs_client */;

--
-- Dumping data for table `book`
--

LOCK TABLES `book` WRITE;
/*!40000 ALTER TABLE `book` DISABLE KEYS */;
INSERT INTO `book` VALUES (1,'To Kill a Mockingbird',1960,75,13),(2,'1984',1949,72,7),(3,'Moby Dick',1851,76,1),(4,'War and Peace',1869,115,15),(5,'The Catcher in the Rye',1951,81,5),(6,'The Alchemist',1988,152,1),(7,'Pride and Prejudice',1813,92,32),(8,'The Great Gatsby',1925,63,13),(9,'Brave New World',1932,5,7),(10,'The Odyssey',-800,78,11),(11,'The Picture of Dorian Gray',1890,148,27),(12,'Crime and Punishment',1866,68,27),(13,'The Brothers Karamazov',1880,68,27),(14,'The Hobbit',1937,83,12),(15,'Fahrenheit 451',1953,155,7),(16,'Catch-22',1961,107,33),(17,'The Grapes of Wrath',1939,104,13),(18,'The Road',2006,37,30),(19,'Jane Eyre',1847,32,32),(20,'Wuthering Heights',1847,58,14),(21,'Little Women',1868,121,5),(22,'The Chronicles of Narnia',1950,25,12),(23,'The Secret Garden',1911,64,3),(24,'The Call of the Wild',1903,84,1),(25,'The Scarlet Letter',1850,144,16),(26,'Anna Karenina',1877,115,32),(27,'The Handmaid\'s Tale',1985,124,7),(28,'The Kite Runner',2003,111,13),(29,'The Fault in Our Stars',2012,101,43),(30,'A Tale of Two Cities',1859,29,16),(31,'The Alchemist',1988,152,1),(32,'The Count of Monte Cristo',1844,6,1),(33,'The Da Vinci Code',2003,40,40),(34,'Siddhartha',1922,77,27),(35,'The Sun Also Rises',1926,61,13),(36,'Slaughterhouse-Five',1969,112,35),(37,'Brave New World',1932,5,7),(38,'The Old Man and the Sea',1952,61,13),(39,'A Clockwork Orange',1962,13,7),(40,'The Hitchhiker\'s Guide to the Galaxy',1979,53,35),(41,'The Bell Jar',1963,180,13),(42,'To the Lighthouse',1927,194,13),(43,'The Road',2006,37,30),(44,'Life of Pi',2001,198,13),(45,'The Amazing Adventures of Kavalier & Clay',2000,133,13),(46,'The Night Circus',2011,60,12),(47,'Where the Crawdads Sing',2018,50,13),(48,'The Martian',2011,9,35),(49,'The Book Thief',2005,127,13),(50,'Educated',2018,181,22),(51,'The Immortal Life of Henrietta Lacks',2010,156,25),(52,'The Glass Castle',2005,95,22),(53,'Becoming',2018,135,22),(54,'Thinking,Fast and Slow',2011,42,25),(55,'Sapiens: A Brief History of Humankind',2011,199,25),(56,'The Power of Habit: Why We Do What We Do in Life and Business',2012,30,25),(57,'The Subtle Art of Not Giving a F*ck',2016,126,25),(58,'Quiet: The Power of Introverts in a World That Can\'t Stop Talking',2012,178,25),(59,'Grit: The Power of Passion and Perseverance',2016,11,25),(60,'The 7 Habits of Highly Effective People',1989,174,36),(61,'How to Win Friends and Influence People',1936,39,36),(62,'The Four Agreements',1997,51,36),(63,'Man\'s Search for Meaning',1946,191,31),(64,'Atomic Habits: An Easy & Proven Way to Build Good Habits & Break Bad Ones',2018,86,36),(65,'Dare to Lead',2018,22,36),(66,'Rich Dad Poor Dad: What the Rich Teach Their Kids About Money That the Poor and the Middle Class Do Not',1997,162,26),(67,'The Total Money Makeover: A Proven Plan for Financial Fitness',2003,45,26),(68,'You Are a Badass: How to Stop Doubting Your Greatness and Start Living an Awesome Life',2013,98,36),(69,'Awaken the Giant Within',1991,185,36),(70,'The 48 Laws of Power',1998,159,36),(72,'The Prince',1532,146,29),(73,'The Elements of Style',1959,197,42),(74,'On Writing: A Memoir of the Craft',2000,173,42),(75,'The War of Art',2002,175,42),(76,'The Writing Life',1989,12,42),(77,'The Artist\'s Way: A Spiritual Path to Higher Creativity',1992,108,6),(78,'Big Magic: Creative Living Beyond Fear',2015,55,6),(79,'Steal Like an Artist: 10 Things Nobody Told You About Being Creative',2012,18,6),(80,'The Creative Habit: Learn It and Use It for Life',2003,187,6),(81,'The Creative\'s Guide to Starting a Business',2014,43,9),(82,'The Lean Startup: How Today\'s Entrepreneurs Use Continuous Innovation to Create Radically Successful Businesses',2011,59,9),(83,'Crushing It!: How Great Entrepreneurs Build Their Business and Influence—and How You Can, Too',2018,70,9),(84,'Zero to One: Notes on Startups, or How to Build the Future',2014,153,9),(85,'The Hard Thing About Hard Things: Building a Business When There Are No Easy Answers',2014,19,9),(86,'Start with Why: How Great Leaders Inspire Everyone to Take Action',2009,171,19),(87,'Good to Great: Why Some Companies Make the Leap... and Others Don\'t',2001,100,21),(88,'The Five Dysfunctions of a Team: A Leadership Fable',2002,149,21),(89,'The Innovator\'s Dilemma: When New Technologies Cause Great Firms to Fail',1997,36,21),(90,'The Advantage: Why Organizational Health Trumps Everything Else in Business',2012,149,21),(91,'Drive: The Surprising Truth About What Motivates Us',2009,41,21),(92,'The 7 Habits of Highly Effective People',1989,174,36),(93,'Start with Why: How Great Leaders Inspire Everyone to Take Action',2009,171,19),(94,'Leaders Eat Last: Why Some Teams Pull Together and Others Don\'t',2014,171,19),(95,'The 48 Laws of Power',1998,159,36),(97,'The Prince',1532,146,29),(98,'The Art of Happiness',1998,38,28),(99,'Thinking, Fast and Slow',2011,42,31),(100,'Sapiens: A Brief History of Humankind',2011,199,25),(101,'The God Delusion',2006,157,25),(102,'The Selfish Gene',1976,157,25),(103,'The Blind Watchmaker',1986,157,25),(104,'A Brief History of Time',1988,172,34),(105,'The Universe in a Nutshell',2001,172,34),(106,'The Grand Design',2010,172,34),(107,'The Fabric of the Cosmos: Space, Time, and the Texture of Reality',2004,23,34),(108,'The Hidden Reality: Parallel Universes and the Deep Laws of the Cosmos',2011,23,34),(109,'The Elegant Universe: Superstrings, Hidden Dimensions, and the Quest for the Ultimate Theory',1999,23,34),(110,'The Immortal Life of Henrietta Lacks',2010,156,25),(111,'The Gene: An Intimate History',2016,170,25),(112,'The Emperor of All Maladies: A Biography of Cancer',2010,170,25),(113,'The Emperor of All Maladies: A Biography of Cancer',2010,170,25),(114,'When Breath Becomes Air',2016,150,22),(115,'Being Mortal: Medicine and What Matters in the End',2014,17,25),(116,'Outliers: The Story of Success',2008,123,25),(117,'Blink: The Power of Thinking Without Thinking',2005,123,25),(118,'David and Goliath: Underdogs, Misfits, and the Art of Battling Giants',2013,123,25),(119,'The Tipping Point: How Little Things Can Make a Big Difference',2000,123,25),(120,'The 7 Habits of Highly Effective People',1989,174,36),(121,'Outliers: The Story of Success',2008,123,25),(122,'Blink: The Power of Thinking Without Thinking',2005,123,25),(123,'The Tipping Point: How Little Things Can Make a Big Difference',2000,123,25),(124,'David and Goliath: Underdogs, Misfits, and the Art of Battling Giants',2013,123,25),(125,'The 48 Laws of Power',1998,159,36),(126,'The Art of Happiness',1998,38,28),(128,'The Prince',1532,146,29),(129,'The Creative Habit: Learn It and Use It for Life',2003,187,6),(130,'Big Magic: Creative Living Beyond Fear',2015,55,6),(131,'Steal Like an Artist: 10 Things Nobody Told You About Being Creative',2012,18,6),(132,'The Artist\'s Way: A Spiritual Path to Higher Creativity',1992,108,6),(133,'The Writing Life',1989,12,42),(134,'On Writing: A Memoir of the Craft',2000,173,42),(135,'The War of Art',2002,175,42),(136,'How to Win Friends and Influence People',1936,39,36),(137,'The 7 Habits of Highly Effective People',1989,174,36),(138,'Start with Why: How Great Leaders Inspire Everyone to Take Action',2009,171,19),(139,'Good to Great: Why Some Companies Make the Leap... and Others Don\'t',2001,100,21),(140,'The Five Dysfunctions of a Team: A Leadership Fable',2002,149,21),(141,'The Innovator\'s Dilemma: When New Technologies Cause Great Firms to Fail',1997,36,21),(142,'The Advantage: Why Organizational Health Trumps Everything Else in Business',2012,149,21),(143,'Drive: The Surprising Truth About What Motivates Us',2009,41,21),(144,'The 7 Habits of Highly Effective People',1989,174,36),(145,'Thinking, Fast and Slow',2011,42,31),(146,'Sapiens: A Brief History of Humankind',2011,199,25),(147,'The Selfish Gene',1976,157,25),(148,'The God Delusion',2006,157,25),(149,'A Brief History of Time',1988,172,34),(150,'The Universe in a Nutshell',2001,172,34),(151,'The Grand Design',2010,172,34),(152,'The Hidden Reality: Parallel Universes and the Deep Laws of the Cosmos',2011,23,34),(153,'The Elegant Universe: Superstrings, Hidden Dimensions, and the Quest for the Ultimate Theory',1999,23,34),(154,'The Immortal Life of Henrietta Lacks',2010,156,25),(155,'The Gene: An Intimate History',2016,170,25),(156,'The Emperor of All Maladies: A Biography of Cancer',2010,170,25),(157,'When Breath Becomes Air',2016,150,22),(158,'Being Mortal: Medicine and What Matters in the End',2014,17,25),(159,'Outliers: The Story of Success',2008,123,25),(160,'Blink: The Power of Thinking Without Thinking',2005,123,25),(161,'David and Goliath: Underdogs, Misfits, and the Art of Battling Giants',2013,123,25),(162,'The Tipping Point: How Little Things Can Make a Big Difference',2000,123,25),(163,'The 7 Habits of Highly Effective People',1989,174,36),(164,'Outliers: The Story of Success',2008,123,25),(165,'Blink: The Power of Thinking Without Thinking',2005,123,25),(166,'The Tipping Point: How Little Things Can Make a Big Difference',2000,123,25),(167,'David and Goliath: Underdogs, Misfits, and the Art of Battling Giants',2013,123,25),(168,'The 48 Laws of Power',1998,159,36),(169,'The Art of Happiness',1998,38,28),(171,'The Prince',1532,146,29),(172,'The Creative Habit: Learn It and Use It for Life',2003,187,6),(173,'Big Magic: Creative Living Beyond Fear',2015,55,6),(174,'Steal Like an Artist: 10 Things Nobody Told You About Being Creative',2012,18,6),(175,'The Artist\'s Way: A Spiritual Path to Higher Creativity',1992,108,6),(176,'The Writing Life',1989,12,42),(177,'On Writing: A Memoir of the Craft',2000,173,42),(178,'The War of Art',2002,175,42),(179,'How to Win Friends and Influence People',1936,39,36),(180,'The 7 Habits of Highly Effective People',1989,174,36),(181,'Start with Why: How Great Leaders Inspire Everyone to Take Action',2009,171,19),(182,'Good to Great: Why Some Companies Make the Leap... and Others Don\'t',2001,100,21),(183,'The Five Dysfunctions of a Team: A Leadership Fable',2002,149,21),(184,'The Innovator\'s Dilemma: When New Technologies Cause Great Firms to Fail',1997,36,21),(185,'The Advantage: Why Organizational Health Trumps Everything Else in Business',2012,149,21),(186,'Drive: The Surprising Truth About What Motivates Us',2009,41,21),(187,'The 7 Habits of Highly Effective People',1989,174,36),(188,'Thinking, Fast and Slow',2011,42,31),(189,'Sapiens: A Brief History of Humankind',2011,199,25),(190,'The Selfish Gene',1976,157,25),(191,'The God Delusion',2006,157,25),(192,'A Brief History of Time',1988,172,34),(193,'The Universe in a Nutshell',2001,172,34),(194,'The Grand Design',2010,172,34),(195,'The Hidden Reality: Parallel Universes and the Deep Laws of the Cosmos',2011,23,34),(196,'The Elegant Universe: Superstrings, Hidden Dimensions, and the Quest for the Ultimate Theory',1999,23,34),(197,'The Immortal Life of Henrietta Lacks',2010,156,25),(198,'The Gene: An Intimate History',2016,170,25),(199,'The Emperor of All Maladies: A Biography of Cancer',2010,170,25),(200,'When Breath Becomes Air',2016,150,22),(201,'Being Mortal: Medicine and What Matters in the End',2014,17,25),(202,'Outliers: The Story of Success',2008,123,25),(203,'Blink: The Power of Thinking Without Thinking',2005,123,25),(204,'David and Goliath: Underdogs, Misfits, and the Art of Battling Giants',2013,123,25),(205,'The Tipping Point: How Little Things Can Make a Big Difference',2000,123,25),(206,'The 7 Habits of Highly Effective People',1989,174,36),(207,'Outliers: The Story of Success',2008,123,25),(208,'Blink: The Power of Thinking Without Thinking',2005,123,25),(209,'The Tipping Point: How Little Things Can Make a Big Difference',2000,123,25),(210,'David and Goliath: Underdogs, Misfits, and the Art of Battling Giants',2013,123,25),(211,'The 48 Laws of Power',1998,159,36),(212,'The Art of Happiness',1998,38,28),(214,'The Prince',1532,146,29),(215,'The Creative Habit: Learn It and Use It for Life',2003,187,6),(216,'Big Magic: Creative Living Beyond Fear',2015,55,6),(217,'Steal Like an Artist: 10 Things Nobody Told You About Being Creative',2012,18,6),(218,'The Artist\'s Way: A Spiritual Path to Higher Creativity',1992,108,6),(219,'The Writing Life',1989,12,42),(220,'On Writing: A Memoir of the Craft',2000,173,42),(221,'The War of Art',2002,175,42),(222,'How to Win Friends and Influence People',1936,39,36),(223,'The 7 Habits of Highly Effective People',1989,174,36),(224,'Start with Why: How Great Leaders Inspire Everyone to Take Action',2009,171,19),(225,'Good to Great: Why Some Companies Make the Leap... and Others Don\'t',2001,100,21),(226,'The Five Dysfunctions of a Team: A Leadership Fable',2002,149,21),(227,'The Innovator\'s Dilemma: When New Technologies Cause Great Firms to Fail',1997,36,21),(228,'The Advantage: Why Organizational Health Trumps Everything Else in Business',2012,149,21),(229,'Drive: The Surprising Truth About What Motivates Us',2009,41,21),(230,'The 7 Habits of Highly Effective People',1989,174,36),(231,'Thinking, Fast and Slow',2011,42,31),(232,'Sapiens: A Brief History of Humankind',2011,199,25),(233,'The Selfish Gene',1976,157,25),(234,'The God Delusion',2006,157,25),(235,'A Brief History of Time',1988,172,34),(236,'The Universe in a Nutshell',2001,172,34),(237,'The Grand Design',2010,172,34),(238,'The Hidden Reality: Parallel Universes and the Deep Laws of the Cosmos',2011,23,34),(239,'The Elegant Universe: Superstrings, Hidden Dimensions, and the Quest for the Ultimate Theory',1999,23,34),(240,'The Immortal Life of Henrietta Lacks',2010,156,25),(241,'The Gene: An Intimate History',2016,170,25),(242,'The Emperor of All Maladies: A Biography of Cancer',2010,170,25),(243,'When Breath Becomes Air',2016,150,22),(244,'Being Mortal: Medicine and What Matters in the End',2014,17,25),(245,'Outliers: The Story of Success',2008,123,25),(246,'Blink: The Power of Thinking Without Thinking',2005,123,25),(248,'The Tipping Point: How Little Things Can Make a Big Difference',2000,123,25),(249,'The 7 Habits of Highly Effective People',1989,174,36),(250,'Outliers: The Story of Success',2008,123,25),(251,'Blink: The Power of Thinking Without Thinking',2005,123,25),(252,'The Tipping Point: How Little Things Can Make a Big Difference',2000,123,25),(254,'The 48 Laws of Power',1998,159,36),(255,'The Art of Happiness',1998,38,28),(256,'The Art of War',NULL,177,23),(257,'The Prince',1532,146,29),(258,'The Creative Habit: Learn It and Use It for Life',2003,187,6),(259,'Big Magic: Creative Living Beyond Fear',2015,55,6),(260,'Steal Like an Artist: 10 Things Nobody Told You About Being Creative',2012,18,6),(261,'The Artist\'s Way: A Spiritual Path to Higher Creativity',1992,108,6),(262,'The Writing Life',1989,12,42),(263,'On Writing: A Memoir of the Craft',2000,173,42),(264,'The War of Art',2002,175,42),(265,'How to Win Friends and Influence People',1936,39,36),(266,'The 7 Habits of Highly Effective People',1989,174,36),(267,'Start with Why: How Great Leaders Inspire Everyone to Take Action',2009,171,19),(268,'Good to Great: Why Some Companies Make the Leap... and Others Don\'t',2001,100,21),(269,'The Five Dysfunctions of a Team: A Leadership Fable',2002,149,21),(270,'The Innovator\'s Dilemma: When New Technologies Cause Great Firms to Fail',1997,36,21),(271,'The Advantage: Why Organizational Health Trumps Everything Else in Business',2012,149,21),(272,'Drive: The Surprising Truth About What Motivates Us',2009,41,21),(273,'The 7 Habits of Highly Effective People',1989,174,36),(275,'Sapiens: A Brief History of Humankind',2011,199,25),(276,'The Selfish Gene',1976,157,25),(277,'The God Delusion',2006,157,25),(278,'A Brief History of Time',1988,172,34),(279,'The Universe in a Nutshell',2001,172,34),(280,'The Grand Design',2010,172,34),(281,'The Hidden Reality: Parallel Universes and the Deep Laws of the Cosmos',2011,23,34),(283,'The Immortal Life of Henrietta Lacks',2010,156,25),(284,'The Gene: An Intimate History',2016,170,25),(285,'The Emperor of All Maladies: A Biography of Cancer',2010,170,25),(286,'When Breath Becomes Air',2016,150,22),(287,'Being Mortal: Medicine and What Matters in the End',2014,17,25),(288,'Outliers: The Story of Success',2008,123,25),(289,'Blink: The Power of Thinking Without Thinking',2005,123,25),(291,'The Tipping Point: How Little Things Can Make a Big Difference',2000,123,25),(292,'The 7 Habits of Highly Effective People',1989,174,36),(293,'Outliers: The Story of Success',2008,123,25),(294,'Blink: The Power of Thinking Without Thinking',2005,123,25),(295,'The Tipping Point: How Little Things Can Make a Big Difference',2000,123,25),(297,'The 48 Laws of Power',1998,159,36),(298,'The Art of Happiness',1998,38,28),(300,'The Prince',1532,146,29),(301,'The Creative Habit: Learn It and Use It for Life',2003,187,6),(302,'Big Magic: Creative Living Beyond Fear',2015,55,6),(303,'Steal Like an Artist: 10 Things Nobody Told You About Being Creative',2012,18,6),(304,'The Artist\'s Way: A Spiritual Path to Higher Creativity',1992,108,6),(305,'The Writing Life',1989,12,42),(306,'On Writing: A Memoir of the Craft',2000,173,42),(307,'The War of Art',2002,175,42),(308,'How to Win Friends and Influence People',1936,39,36),(309,'The 7 Habits of Highly Effective People',1989,174,36),(310,'Start with Why: How Great Leaders Inspire Everyone to Take Action',2009,171,19),(311,'Good to Great: Why Some Companies Make the Leap... and Others Don\'t',2001,100,21),(312,'The Five Dysfunctions of a Team: A Leadership Fable',2002,149,21),(313,'The Innovator\'s Dilemma: When New Technologies Cause Great Firms to Fail',1997,36,21),(314,'The Advantage: Why Organizational Health Trumps Everything Else in Business',2012,149,21),(315,'Drive: The Surprising Truth About What Motivates Us',2009,41,21),(316,'The 7 Habits of Highly Effective People',1989,174,36),(318,'Sapiens: A Brief History of Humankind',2011,199,25),(319,'The Selfish Gene',1976,157,25),(320,'The God Delusion',2006,157,25),(321,'A Brief History of Time',1988,172,34),(322,'The Universe in a Nutshell',2001,172,34),(323,'The Grand Design',2010,172,34),(324,'The Hidden Reality: Parallel Universes and the Deep Laws of the Cosmos',2011,23,34),(326,'The Immortal Life of Henrietta Lacks',2010,156,25),(327,'The Gene: An Intimate History',2016,170,25),(328,'The Emperor of All Maladies: A Biography of Cancer',2010,170,25),(329,'When Breath Becomes Air',2016,150,22),(330,'Being Mortal: Medicine and What Matters in the End',2014,17,25),(331,'Outliers: The Story of Success',2008,123,25),(332,'Blink: The Power of Thinking Without Thinking',2005,123,25),(333,'David and Goliath: Underdogs, Misfits, and the Art of Battling Giants',2013,123,25),(334,'The Tipping Point: How Little Things Can Make a Big Difference',2000,123,25),(335,'The 7 Habits of Highly Effective People',1989,174,36),(336,'Outliers: The Story of Success',2008,123,25),(337,'Blink: The Power of Thinking Without Thinking',2005,123,25),(338,'The Tipping Point: How Little Things Can Make a Big Difference',2000,123,25),(340,'The 48 Laws of Power',1998,159,36),(341,'The Art of Happiness',1998,38,28),(343,'The Prince',1532,146,29),(344,'The Creative Habit: Learn It and Use It for Life',2003,187,6),(345,'Big Magic: Creative Living Beyond Fear',2015,55,6),(346,'Steal Like an Artist: 10 Things Nobody Told You About Being Creative',2012,18,6),(347,'The Artist\'s Way: A Spiritual Path to Higher Creativity',1992,108,6),(348,'The Writing Life',1989,12,42),(349,'On Writing: A Memoir of the Craft',2000,173,42),(350,'The War of Art',2002,175,42),(351,'How to Win Friends and Influence People',1936,39,36),(352,'The 7 Habits of Highly Effective People',1989,174,36),(353,'Start with Why: How Great Leaders Inspire Everyone to Take Action',2009,171,19),(354,'Good to Great: Why Some Companies Make the Leap... and Others Don\'t',2001,100,21),(355,'The Five Dysfunctions of a Team: A Leadership Fable',2002,149,21),(356,'The Innovator\'s Dilemma: When New Technologies Cause Great Firms to Fail',1997,36,21),(357,'The Advantage: Why Organizational Health Trumps Everything Else in Business',2012,149,21),(358,'Drive: The Surprising Truth About What Motivates Us',2009,41,21),(359,'The 7 Habits of Highly Effective People',1989,174,36),(361,'Sapiens: A Brief History of Humankind',2011,199,25),(362,'The Selfish Gene',1976,157,25),(363,'The God Delusion',2006,157,25),(364,'A Brief History of Time',1988,172,34),(365,'The Universe in a Nutshell',2001,172,34),(366,'The Grand Design',2010,172,34),(367,'The Hidden Reality: Parallel Universes and the Deep Laws of the Cosmos',2011,23,34),(369,'The Immortal Life of Henrietta Lacks',2010,156,25),(370,'Think and Grow Rich',1937,142,36),(371,'Atomic Habits',2018,86,36),(372,'The Road Less Traveled',1978,122,36),(373,'Man\'s Search for Meaning',1946,189,28),(374,'The Man Who Knew Infinity',1991,160,2),(375,'Silent Spring',1962,154,10),(376,'Guns, Germs, and Steel',1997,93,17),(377,'Collapse: How Societies Choose to Fail or Succeed',2005,93,17),(378,'The Structure of Scientific Revolutions',1962,183,34),(379,'The Origin of Species',1859,28,34),(380,'The Double Helix',1968,87,34),(381,'The Emperor\'s New Mind',1989,165,34),(382,'Quantum Mechanics: The Theoretical Minimum',2013,117,34),(383,'The Order of Time',2017,27,34),(384,'The Fabric of the Cosmos',2004,23,34),(385,'Seven Brief Lessons on Physics',2014,27,34),(386,'Chaos: Making a New Science',1987,89,34),(387,'Physics of the Impossible',2008,136,34),(388,'The Innovators: How a Group of Hackers, Geniuses, and Geeks Created the Digital Revolution',2014,195,39),(389,'Steve Jobs',2011,195,2),(390,'Elon Musk: Tesla, SpaceX, and the Quest for a Fantastic Future',2015,16,2),(391,'Einstein: His Life and Universe',2007,195,2),(392,'Becoming',2018,135,22),(393,'Educated',2018,181,22),(394,'The Glass Castle',2005,95,22),(395,'Unbroken: A World War II Story of Survival, Resilience, and Redemption',2010,113,25),(396,'The Wright Brothers',2015,47,2),(397,'Alexander Hamilton',2004,166,2),(398,'Grant',2017,166,2),(399,'Team of Rivals: The Political Genius of Abraham Lincoln',2005,52,17),(400,'1776',2005,47,17),(401,'John Adams',2001,47,2),(402,'The Rise and Fall of the Third Reich',1960,196,17),(403,'Bury My Heart at Wounded Knee',1970,49,17),(404,'Genghis Khan and the Making of the Modern World',2004,85,17),(405,'The Pioneers',2019,47,17),(406,'The Immortal Life of Henrietta Lacks',2010,156,25),(407,'The Sixth Extinction: An Unnatural History',2014,56,34),(408,'A Short History of Nearly Everything',2003,20,34),(409,'Cosmos',1980,26,34),(410,'Pale Blue Dot: A Vision of the Human Future in Space',1994,26,34),(411,'The God Particle: If the Universe Is the Answer, What Is the Question?',1993,116,34),(412,'The Demon-Haunted World: Science as a Candle in the Dark',1995,26,34),(413,'The Greatest Show on Earth: The Evidence for Evolution',2009,157,34),(414,'The Social Contract',1762,94,28),(415,'The Prince',1532,146,29),(416,'On Liberty',1859,105,28),(417,'The Wealth of Nations',1776,1,8),(418,'Das Kapital',1867,109,8),(419,'The Communist Manifesto',1848,110,29),(420,'Brave New World',1932,5,7),(421,'Fahrenheit 451',1953,155,7),(422,'Animal Farm',1945,72,7),(423,'A Clockwork Orange',1962,13,7),(424,'The Road',2006,37,7),(425,'The Handmaid\'s Tale',1985,124,7),(426,'Oryx and Crake',2003,124,7),(427,'The Hunger Games',2008,179,7),(428,'Mockingjay',2010,179,7),(429,'The Maze Runner',2009,88,7),(430,'Divergent',2011,188,7),(431,'The Giver',1993,119,7),(432,'The Little Prince',1943,14,13),(433,'The Phantom Tollbooth',1961,147,12),(434,'Where the Wild Things Are',1963,130,3),(435,'Charlotte\'s Web',1952,54,3),(436,'The Secret Garden',1911,64,3),(437,'Harry Potter and the Sorcerer\'s Stone',1997,82,12),(438,'Harry Potter and the Chamber of Secrets',1998,82,12),(439,'Harry Potter and the Prisoner of Azkaban',1999,82,12),(440,'The Hobbit',1937,83,12),(441,'The Fellowship of the Ring',1954,83,12),(442,'The Two Towers',1954,83,12),(443,'The Return of the King',1955,83,12),(444,'The Catcher in the Rye',1951,81,13),(445,'The Great Gatsby',1925,63,13),(446,'To Kill a Mockingbird',1960,75,13),(447,'1984',1949,72,7),(448,'War and Peace',1869,115,15),(449,'Moby Dick',1851,76,1),(450,'Pride and Prejudice',1813,92,32),(451,'Emma',1815,92,32),(452,'Little Women',1868,121,13),(453,'Jane Eyre',1847,32,13),(454,'Wuthering Heights',1847,58,13),(455,'A Tale of Two Cities',1859,29,15),(456,'The Count of Monte Cristo',1844,6,1),(457,'Dracula',1897,21,18),(458,'Frankenstein',1818,129,18),(459,'The Metamorphosis',1915,67,13),(460,'Crime and Punishment',1866,68,28),(461,'The Brothers Karamazov',1880,68,28),(462,'The Idiot',1869,68,28),(463,'Anna Karenina',1877,115,32),(464,'Les Misérables',1862,190,15),(465,'The Iliad',NULL,78,4),(466,'The Odyssey',NULL,78,4),(467,'The Aeneid',NULL,193,4),(468,'Inferno',1320,44,4),(469,'Paradise Lost',1667,102,4),(470,'Don Quixote',1605,138,4),(471,'One Hundred Years of Solitude',1967,69,20),(472,'Love in the Time of Cholera',1985,69,32),(473,'The House of the Spirits',1982,80,20),(474,'The Unbearable Lightness of Being',1984,141,13),(475,'Life of Pi',2001,198,1),(476,'Shantaram',2003,74,13),(477,'The Kite Runner',2003,111,13),(478,'A Thousand Splendid Suns',2007,111,13),(479,'And the Mountains Echoed',2013,111,13),(480,'The Book Thief',2005,127,15),(481,'The Girl with the Dragon Tattoo',2005,176,24),(482,'Gone Girl',2012,73,24),(483,'The Da Vinci Code',2003,40,24),(484,'Angels & Demons',2000,40,24),(485,'The Lovely Bones',2002,7,13),(486,'The Girl on the Train',2015,151,40),(487,'Big Little Lies',2014,118,40),(488,'Sharp Objects',2006,73,40),(489,'In Cold Blood',1966,186,41),(490,'Helter Skelter',1974,192,41),(491,'I Know Why the Caged Bird Sings',1969,131,22),(492,'The Bell Jar',1963,180,13),(493,'Catch-22',1961,107,13),(494,'Slaughterhouse-Five',1969,112,13),(495,'The Grapes of Wrath',1939,104,13),(496,'East of Eden',1952,104,13),(497,'Of Mice and Men',1937,104,13),(498,'Chasing Space',2017,114,37),(499,'Rocket Boys',1998,79,37),(500,'Beyond Earth',2016,31,37),(501,'The Sky Below',2017,169,37),(502,'Astrophysics for People in a Hurry',2017,145,37),(503,'Moonwalk',1988,134,37),(504,'The Apollo Murders',2021,34,37),(505,'Space Chronicles',2012,145,37),(506,'The Orbital Perspective',2015,167,37),(507,'The Moon Is a Harsh Mistress',1966,158,37),(508,'The Future of Humanity',2018,136,37),(509,'How We Got to the Moon',2020,103,37),(510,'Mission to Mars',2013,24,37),(511,'Apollo 8',2017,96,37),(512,'First Man',2005,90,37),(513,'Infinite Worlds',2015,132,37),(514,'Spaceman',2016,139,37),(515,'Mars Direct',2013,163,37),(516,'The Infinite View',2015,57,37),(517,'The New Right Stuff',2020,120,37),(518,'Apollo to the Moon',2018,182,37),(519,'Mission Control',2006,46,37),(520,'Into That Silent Sea',2007,65,37),(521,'Rocket Science for Babies',2013,33,37),(522,'The Interstellar Age',2015,99,37),(523,'Our Cosmic Origins',1998,15,37),(524,'The Race',1999,91,37),(525,'Apollo 11',2019,48,37),(526,'Countdown',2014,4,37),(527,'Rise of the Rocket Girls',2016,143,37),(528,'Moonbound',2019,106,37);
/*!40000 ALTER TABLE `book` ENABLE KEYS */;
UNLOCK TABLES;

--
-- Table structure for table `city`
--

DROP TABLE IF EXISTS `city`;
/*!40101 SET @saved_cs_client     = @@character_set_client */;
/*!50503 SET character_set_client = utf8mb4 */;
CREATE TABLE `city` (
  `city_id` int NOT NULL AUTO_INCREMENT,
  `name` tinytext NOT NULL,
  PRIMARY KEY (`city_id`)
) ENGINE=InnoDB AUTO_INCREMENT=296 DEFAULT CHARSET=utf8mb4 COLLATE=utf8mb4_0900_ai_ci;
/*!40101 SET character_set_client = @saved_cs_client */;

--
-- Dumping data for table `city`
--

LOCK TABLES `city` WRITE;
/*!40000 ALTER TABLE `city` DISABLE KEYS */;
INSERT INTO `city` VALUES (1,'Aguilarfurt'),(2,'Alanburgh'),(3,'Allisonmouth'),(4,'Amandaberg'),(5,'Andersonton'),(6,'Annafurt'),(7,'Annaport'),(8,'Ashleyborough'),(9,'Ayalafurt'),(10,'Baileyfurt'),(11,'Bakerside'),(12,'Bankshaven'),(13,'Barnesburgh'),(14,'Bennettville'),(15,'Benjaminshire'),(16,'Bowersbury'),(17,'Boydshire'),(18,'Brandonmouth'),(19,'Brandyville'),(20,'Brendahaven'),(21,'Brockberg'),(22,'Brownburgh'),(23,'Callahanbury'),(24,'Careychester'),(25,'Carlosside'),(26,'Caseyburgh'),(27,'Castilloton'),(28,'Catherinemouth'),(29,'Chambersborough'),(30,'Chapmanville'),(31,'Christinamouth'),(32,'Christinemouth'),(33,'Christinetown'),(34,'Christopherchester'),(35,'Colemanchester'),(36,'Colleentown'),(37,'Conleychester'),(38,'Courtneychester'),(39,'Courtneyland'),(40,'Cuevasmouth'),(41,'Cynthiaburgh'),(42,'Cynthiafort'),(43,'Davidburgh'),(44,'Davidville'),(45,'Dawnland'),(46,'Deanview'),(47,'Deborahside'),(48,'Dianafurt'),(49,'Duaneland'),(50,'East Albert'),(51,'East Andrew'),(52,'East Angela'),(53,'East Anthonybury'),(54,'East Ashley'),(55,'East Crystalborough'),(56,'East Davidport'),(57,'East Davidview'),(58,'East Heather'),(59,'East Heathermouth'),(60,'East Kayla'),(61,'East Kevin'),(62,'East Lori'),(63,'East Nathan'),(64,'East Paul'),(65,'East Sarahville'),(66,'East Saramouth'),(67,'East Shawn'),(68,'East Stephanie'),(69,'East Stevefort'),(70,'East Travisfort'),(71,'Edwardsburgh'),(72,'Elizabethborough'),(73,'Ericaberg'),(74,'Ericborough'),(75,'Estesshire'),(76,'Evelynland'),(77,'Floresmouth'),(78,'Fostershire'),(79,'Geneville'),(80,'Gilbertton'),(81,'Ginatown'),(82,'Greentown'),(83,'Greenview'),(84,'Hallberg'),(85,'Hallfurt'),(86,'Harpermouth'),(87,'Harrisview'),(88,'Hartbury'),(89,'Heathertown'),(90,'Hectorview'),(91,'Huntershire'),(92,'Jacobtown'),(93,'Jamesfort'),(94,'Jamiefurt'),(95,'Jamiestad'),(96,'Janetchester'),(97,'Jennychester'),(98,'Jeremystad'),(99,'Jimtown'),(100,'Jodimouth'),(101,'Johnmouth'),(102,'Johntown'),(103,'Jonathanbury'),(104,'Jonesland'),(105,'Joshuashire'),(106,'Juanmouth'),(107,'Katherineland'),(108,'Kochville'),(109,'Kyleburgh'),(110,'Lake Alicia'),(111,'Lake Ashleyside'),(112,'Lake Charlesmouth'),(113,'Lake Colin'),(114,'Lake Cynthiafurt'),(115,'Lake Donfort'),(116,'Lake Eddie'),(117,'Lake Gregorybury'),(118,'Lake Jennifer'),(119,'Lake Johnmouth'),(120,'Lake Karifurt'),(121,'Lake Keith'),(122,'Lake Keithmouth'),(123,'Lake Logan'),(124,'Lake Michaelmouth'),(125,'Lake Michelle'),(126,'Lake Rebecca'),(127,'Lake Robertside'),(128,'Lake Stephen'),(129,'Lake Thomas'),(130,'Laurenfort'),(131,'Lawrencetown'),(132,'Lindseystad'),(133,'Lisafort'),(134,'Matthewsmouth'),(135,'Mayborough'),(136,'Medinafurt'),(137,'Melissastad'),(138,'Melissaview'),(139,'Mercadoside'),(140,'Michaelburgh'),(141,'Michaelstad'),(142,'Michellefurt'),(143,'Millerburgh'),(144,'Millertown'),(145,'Moorefort'),(146,'Nancyland'),(147,'New Alexis'),(148,'New Amandashire'),(149,'New Anthony'),(150,'New Brad'),(151,'New Carol'),(152,'New Cheryl'),(153,'New Cherylton'),(154,'New Chrisside'),(155,'New Connorburgh'),(156,'New Ethanchester'),(157,'New Hayleyside'),(158,'New James'),(159,'New Jenniferhaven'),(160,'New Jessicahaven'),(161,'New John'),(162,'New Karen'),(163,'New Karenhaven'),(164,'New Kevin'),(165,'New Kristy'),(166,'New Laurastad'),(167,'New Nancy'),(168,'New Robertberg'),(169,'New Robertmouth'),(170,'New Sandra'),(171,'New Shannonmouth'),(172,'New Tiffanyfort'),(173,'New Tinaville'),(174,'New Tracytown'),(175,'Nguyenville'),(176,'Nicholemouth'),(177,'Nobleberg'),(178,'North Alexanderburgh'),(179,'North Daniel'),(180,'North Ericton'),(181,'North Garrett'),(182,'North Jacqueline'),(183,'North Joshuamouth'),(184,'North Katelyn'),(185,'North Kathychester'),(186,'North Katie'),(187,'North Laurieburgh'),(188,'North Lesliestad'),(189,'North Lindsayview'),(190,'North Nataliemouth'),(191,'North Nicole'),(192,'North Robertland'),(193,'North Ryanfurt'),(194,'North Samanthastad'),(195,'North Samuelville'),(196,'North Sheri'),(197,'North Stephanieshire'),(198,'North Stephen'),(199,'Oliviaside'),(200,'Paynehaven'),(201,'Pearsonmouth'),(202,'Peggyborough'),(203,'Perkinsfort'),(204,'Peterport'),(205,'Philipshire'),(206,'Port April'),(207,'Port Carrie'),(208,'Port Courtneybury'),(209,'Port David'),(210,'Port Donnatown'),(211,'Port Elizabethbury'),(212,'Port Ericberg'),(213,'Port Hannahton'),(214,'Port Jamesbury'),(215,'Port Jasonside'),(216,'Port Jennifershire'),(217,'Port Julie'),(218,'Port Julieburgh'),(219,'Port Kimberly'),(220,'Port Leslie'),(221,'Port Miguel'),(222,'Port Patriciaside'),(223,'Port Ryanmouth'),(224,'Port Stephenfurt'),(225,'Port Susanchester'),(226,'Port Tiffany'),(227,'Pricechester'),(228,'Ramosshire'),(229,'Rebeccaborough'),(230,'Ritaside'),(231,'Robertfurt'),(232,'Robertside'),(233,'Robinburgh'),(234,'Robinsonton'),(235,'Russellside'),(236,'Samanthafort'),(237,'Samuelfort'),(238,'Sarahborough'),(239,'Schultzburgh'),(240,'Shawnatown'),(241,'Shermanville'),(242,'Sherryberg'),(243,'Smithton'),(244,'South Angelaborough'),(245,'South Barbara'),(246,'South Bradberg'),(247,'South Christopherville'),(248,'South Christymouth'),(249,'South Daniel'),(250,'South Donaldborough'),(251,'South Elizabeth'),(252,'South James'),(253,'South Jamiefort'),(254,'South Jason'),(255,'South Larryberg'),(256,'South Mary'),(257,'South Meganchester'),(258,'South William'),(259,'South Williamville'),(260,'Stephanieton'),(261,'Tammyfort'),(262,'Tanyatown'),(263,'Thompsonfurt'),(264,'Timfurt'),(265,'Tommyborough'),(266,'Tranfort'),(267,'Valenciaside'),(268,'Vargasmouth'),(269,'Washingtonmouth'),(270,'Weberhaven'),(271,'West Amanda'),(272,'West Andrea'),(273,'West Billy'),(274,'West Bradley'),(275,'West Cynthiaport'),(276,'West Daniel'),(277,'West Ericburgh'),(278,'West Ian'),(279,'West Jacquelinehaven'),(280,'West Jaredmouth'),(281,'West Jeffrey'),(282,'West Matthewburgh'),(283,'West Michaelshire'),(284,'West Mitchell'),(285,'West Ryanton'),(286,'West Samantha'),(287,'West Samuel'),(288,'West Sarashire'),(289,'West Sonyaburgh'),(290,'West Tonimouth'),(291,'West Wesleychester'),(292,'Whiteland'),(293,'Willisport'),(294,'Zacharyberg'),(295,'Zacharyborough');
/*!40000 ALTER TABLE `city` ENABLE KEYS */;
UNLOCK TABLES;

--
-- Table structure for table `genre`
--

DROP TABLE IF EXISTS `genre`;
/*!40101 SET @saved_cs_client     = @@character_set_client */;
/*!50503 SET character_set_client = utf8mb4 */;
CREATE TABLE `genre` (
  `genre_id` int NOT NULL AUTO_INCREMENT,
  `name` varchar(45) NOT NULL,
  PRIMARY KEY (`genre_id`)
) ENGINE=InnoDB AUTO_INCREMENT=44 DEFAULT CHARSET=utf8mb4 COLLATE=utf8mb4_0900_ai_ci;
/*!40101 SET character_set_client = @saved_cs_client */;

--
-- Dumping data for table `genre`
--

LOCK TABLES `genre` WRITE;
/*!40000 ALTER TABLE `genre` DISABLE KEYS */;
INSERT INTO `genre` VALUES (1,'Adventure'),(2,'Biography'),(3,'Children\'s'),(4,'Classics'),(5,'Coming-of-Age'),(6,'Creativity'),(7,'Dystopian'),(8,'Economics'),(9,'Entrepreneurship'),(10,'Environmental'),(11,'Epic'),(12,'Fantasy'),(13,'Fiction'),(14,'Gothic'),(15,'Historical'),(16,'Historical Fiction'),(17,'History'),(18,'Horror'),(19,'Leadership'),(20,'Magical Realism'),(21,'Management'),(22,'Memoir'),(23,'Military'),(24,'Mystery'),(25,'Non-Fiction'),(26,'Personal Finance'),(27,'Philosophical'),(28,'Philosophy'),(29,'Politics'),(30,'Post-Apocalyptic'),(31,'Psychology'),(32,'Romance'),(33,'Satire'),(34,'Science'),(35,'Sci-Fi'),(36,'Self-Help'),(37,'Space Exploration'),(38,'Space Exploration'),(39,'Technology'),(40,'Thriller'),(41,'True Crime'),(42,'Writing'),(43,'Young Adult');
/*!40000 ALTER TABLE `genre` ENABLE KEYS */;
UNLOCK TABLES;

--
-- Table structure for table `rental`
--

DROP TABLE IF EXISTS `rental`;
/*!40101 SET @saved_cs_client     = @@character_set_client */;
/*!50503 SET character_set_client = utf8mb4 */;
CREATE TABLE `rental` (
  `rental_id` int NOT NULL AUTO_INCREMENT,
  `rental_date` date NOT NULL,
  `user_id` int NOT NULL,
  `book_id` int NOT NULL,
  PRIMARY KEY (`rental_id`),
  KEY `fk4_idx` (`user_id`),
  KEY `fk5_idx` (`book_id`),
  CONSTRAINT `fk4` FOREIGN KEY (`user_id`) REFERENCES `user` (`user_id`),
  CONSTRAINT `fk5` FOREIGN KEY (`book_id`) REFERENCES `book` (`book_id`)
) ENGINE=InnoDB AUTO_INCREMENT=156 DEFAULT CHARSET=utf8mb4 COLLATE=utf8mb4_0900_ai_ci;
/*!40101 SET character_set_client = @saved_cs_client */;

--
-- Dumping data for table `rental`
--

LOCK TABLES `rental` WRITE;
/*!40000 ALTER TABLE `rental` DISABLE KEYS */;
INSERT INTO `rental` VALUES (1,'2024-10-14',125,493),(2,'2024-08-30',29,445),(3,'2024-09-18',55,423),(4,'2024-10-05',271,411),(5,'2024-07-20',267,404),(6,'2024-04-13',56,395),(7,'2024-09-11',231,394),(8,'2024-02-07',200,391),(9,'2024-09-24',109,383),(10,'2024-08-13',154,383),(11,'2024-05-24',274,363),(12,'2024-09-21',90,359),(13,'2024-10-08',259,355),(14,'2024-06-12',143,348),(15,'2024-03-09',139,331),(16,'2024-09-21',146,323),(17,'2024-03-08',243,305),(18,'2024-10-17',159,298),(19,'2024-08-13',6,294),(21,'2024-09-24',133,470),(22,'2024-05-18',213,467),(23,'2024-06-22',151,461),(24,'2024-06-30',206,459),(25,'2024-01-17',88,457),(26,'2024-05-23',16,454),(27,'2024-06-10',79,453),(28,'2024-10-30',145,453),(29,'2024-08-31',121,451),(30,'2024-02-08',158,445),(31,'2024-07-24',50,441),(32,'2024-08-19',203,440),(33,'2024-09-01',138,439),(34,'2024-05-14',255,437),(35,'2024-07-24',49,434),(36,'2024-01-27',104,430),(37,'2024-05-24',67,429),(38,'2024-06-15',225,428),(39,'2024-07-20',192,423),(40,'2024-05-30',140,414),(41,'2024-03-11',234,414),(42,'2024-07-29',58,411),(43,'2024-01-18',198,404),(44,'2024-02-19',279,399),(45,'2024-05-02',178,398),(46,'2024-07-10',219,397),(47,'2024-04-24',291,391),(48,'2024-05-06',181,388),(49,'2024-03-28',295,383),(50,'2024-02-18',230,372),(51,'2024-04-12',20,366),(52,'2024-07-07',114,361),(54,'2024-09-12',163,358),(55,'2024-01-10',8,354),(56,'2024-04-26',131,349),(57,'2024-02-03',97,344),(59,'2024-01-18',44,333),(60,'2024-05-31',80,327),(61,'2024-03-28',170,326),(63,'2024-06-09',13,324),(64,'2024-10-18',38,324),(65,'2024-07-07',51,320),(66,'2024-05-08',211,311),(67,'2024-01-08',129,309),(68,'2024-01-28',245,306),(69,'2024-04-21',34,305),(71,'2024-05-09',184,294),(72,'2024-07-23',258,291),(75,'2024-08-09',85,277),(76,'2024-06-29',12,275),(77,'2024-01-23',96,272),(78,'2024-05-18',2,269),(79,'2024-04-17',253,268),(80,'2024-07-24',78,264),(81,'2024-02-02',251,262),(82,'2024-10-17',106,248),(84,'2024-09-02',282,246),(85,'2024-01-08',195,240),(86,'2024-02-17',124,237),(87,'2024-06-29',242,237),(88,'2024-09-07',266,237),(89,'2024-05-18',241,230),(90,'2024-07-28',157,229),(91,'2024-10-17',87,228),(92,'2024-05-29',173,225),(93,'2024-06-12',180,224),(94,'2024-10-04',217,218),(95,'2024-03-12',250,217),(96,'2024-05-30',263,206),(97,'2024-01-27',296,206),(98,'2024-09-15',300,205),(99,'2024-01-15',35,193),(100,'2024-05-21',199,191),(101,'2024-05-16',9,190),(102,'2024-05-28',286,187),(103,'2024-10-01',171,183),(104,'2024-03-21',175,182),(105,'2024-09-28',281,181),(106,'2024-08-17',294,174),(107,'2024-06-28',119,173),(108,'2024-09-21',188,173),(109,'2024-04-05',273,173),(110,'2024-07-27',220,171),(112,'2024-01-13',136,169),(113,'2024-04-18',210,169),(114,'2024-10-05',293,167),(115,'2024-08-31',218,165),(116,'2024-06-25',46,164),(117,'2024-09-06',204,158),(118,'2024-07-28',215,155),(119,'2024-05-25',31,149),(120,'2024-06-09',256,149),(121,'2024-10-27',191,148),(122,'2024-04-29',66,141),(123,'2024-05-26',70,136),(124,'2024-05-14',214,129),(125,'2024-06-05',284,122),(126,'2024-06-25',152,119),(127,'2024-10-22',82,118),(128,'2024-05-20',262,118),(129,'2024-02-21',95,113),(130,'2024-03-05',17,104),(131,'2024-02-19',14,103),(132,'2024-03-03',160,101),(134,'2024-10-09',189,92),(135,'2024-05-19',239,88),(136,'2024-09-07',252,88),(137,'2024-03-26',127,84),(138,'2024-04-07',246,80),(139,'2024-07-21',130,75),(140,'2024-10-15',233,75),(141,'2024-09-28',81,69),(142,'2024-02-23',278,66),(143,'2024-10-14',128,53),(144,'2024-02-08',77,51),(145,'2024-03-04',37,50),(146,'2024-04-12',68,43),(147,'2024-01-03',179,43),(148,'2024-06-27',222,39),(149,'2024-06-21',244,36),(150,'2024-08-29',147,32),(151,'2024-09-20',120,26),(152,'2024-10-02',69,25),(153,'2024-06-10',190,16),(154,'2024-08-22',30,13),(155,'2024-09-20',228,8);
/*!40000 ALTER TABLE `rental` ENABLE KEYS */;
UNLOCK TABLES;

--
-- Table structure for table `user`
--

DROP TABLE IF EXISTS `user`;
/*!40101 SET @saved_cs_client     = @@character_set_client */;
/*!50503 SET character_set_client = utf8mb4 */;
CREATE TABLE `user` (
  `user_id` int NOT NULL AUTO_INCREMENT,
  `firstname` varchar(45) NOT NULL,
  `lastname` varchar(45) NOT NULL,
  `address` varchar(255) DEFAULT NULL,
  `city_id` int DEFAULT NULL,
  PRIMARY KEY (`user_id`),
  KEY `fk3_idx` (`city_id`),
  CONSTRAINT `fk3` FOREIGN KEY (`city_id`) REFERENCES `city` (`city_id`)
) ENGINE=InnoDB AUTO_INCREMENT=301 DEFAULT CHARSET=utf8mb4 COLLATE=utf8mb4_0900_ai_ci;
/*!40101 SET character_set_client = @saved_cs_client */;

--
-- Dumping data for table `user`
--

LOCK TABLES `user` WRITE;
/*!40000 ALTER TABLE `user` DISABLE KEYS */;
INSERT INTO `user` VALUES (1,'William','Boyd','36822 Terrell Mount Apt. 172, Lake Keithbury, DC 34139',59),(2,'Timothy','Phillips','43905 Sullivan Terrace, Debbieberg, IA 54122',50),(3,'Jason','Scott','USNV Mcneil, FPO AA 49298',91),(4,'Emily','Nguyen','012 Kyle Junction Suite 056, Lake Christopher, WA 32482',234),(5,'Scott','Hernandez','96878 William Corners, Bennettland, WV 05704',154),(6,'Felicia','Edwards','598 Thompson Parkways, Robertsonside, IN 96625',101),(7,'Sandra','Davis','622 Fuller Ridge, Laurenstad, TN 59002',99),(8,'Joseph','Larsen','84741 Gregory Forges Suite 517, East Thomas, AK 49997',217),(9,'Christine','Smith','1679 Rodriguez Villages, Lake Steven, NH 63891',167),(10,'Melinda','White','02022 Dana Flats, Matthewport, NJ 43562',216),(11,'Ashley','Brown','3567 Joseph Keys, Thomasmouth, FL 67670',116),(12,'Michael','Cox','9688 Olivia Cove Apt. 017, Osbornville, ME 87924',141),(13,'Amy','Mccarthy','405 Alec Flat, South Joshua, GA 10557',39),(14,'Christine','Hinton','766 Brittany Stravenue Apt. 919, West Melissa, NV 18255',213),(15,'Kimberly','Scott','214 Harris Field, North Kaitlyn, MT 93116',241),(16,'William','Mcknight','0739 Blair Row Suite 926, Turnerchester, TN 87088',156),(17,'William','Weaver','007 Robert Fall, Kellyton, IA 08582',164),(18,'Kelly','Lawrence','7009 Amanda Streets Apt. 418, Kevinfort, LA 46221',76),(19,'Deborah','Alexander','195 Samuel Roads, Christineside, VT 52684',155),(20,'Martin','Hill','7013 Rodriguez Curve Apt. 964, Ambermouth, ND 98320',171),(21,'Joseph','Henderson','214 Hoffman Underpass Apt. 811, West Justinshire, MI 24287',78),(22,'Rachel','Carr','6698 Luna Springs Apt. 329, Hughesside, OH 82766',227),(23,'Tonya','Reyes','9620 Adrienne Mills Suite 757, Amandaton, VT 78981',168),(24,'Douglas','Pearson','538 Richard Loop, Curtiston, AK 64650',98),(25,'Steven','Short','307 Padilla Mountains Suite 120, East Sandra, ME 01448',44),(26,'Cory','Carr','1671 Matthew Brooks Apt. 828, Yorkport, MN 56360',23),(27,'Emma','Zhang','PSC 5361, Box 5279, APO AE 91234',7),(28,'Caitlyn','Payne','85658 Pham Walks, Haneyborough, CA 42867',289),(29,'Matthew','Hatfield','7474 Curtis Route Apt. 754, Jennifertown, TN 13250',256),(30,'Paul','Rich','44689 Ford Locks, New Tyler, IA 28803',14),(31,'Tracy','Moore','2879 Stewart Falls, Millerfort, IN 40870',65),(32,'Sherry','Sweeney','32036 Kevin Grove, South Benjaminborough, CO 17224',6),(33,'Kimberly','Glover','242 Traci Square, New Emilyport, TN 02658',72),(34,'Nicole','Williams','226 Charles Wall, Carsonton, LA 75760',153),(35,'Adam','Walsh','94468 Joshua Island Apt. 512, West Marytown, OR 62424',58),(36,'Jonathan','Robbins','USS Ho, FPO AP 88847',3),(37,'Shane','Conway','10298 Thomas Cliff Apt. 039, Joseton, OK 26471',111),(38,'David','Butler','48297 Martinez Rapids Apt. 780, Davishaven, AL 04020',265),(39,'Leah','Santos','4929 Brady Plaza, Port Christopherport, MA 89730',29),(40,'Jonathan','Nguyen','315 Alyssa Motorway Suite 299, Herreraland, OR 85806',94),(41,'Angela','Kim','728 Carol Turnpike, Donnaville, WA 49778',30),(42,'Matthew','Morgan','83001 Bush Crescent Apt. 688, Nicholastown, MD 65894',88),(43,'Anthony','Brown','573 Ruiz Meadow, South Sarah, AK 08806',293),(44,'Sara','Wilson','42781 Timothy Estate, West Tony, NY 82202',249),(45,'Paul','Suarez','397 Gallagher Well Apt. 863, Hernandezberg, ND 96343',82),(46,'Shaun','Dorsey','438 Melanie Village Suite 148, Sanchezport, CO 12182',161),(47,'Alan','Moore','016 Kim Cliffs Suite 757, Jasonmouth, IL 05848',270),(48,'Juan','Steele','4761 Munoz Common, Keithfurt, DE 87737',129),(49,'Jason','Wilson','7451 Mason Crossroad, Sanchezville, AR 75667',263),(50,'Robert','Wright','162 Linda Mountains Apt. 640, Lake Edwardberg, MA 13544',257),(51,'Jeffrey','Mckenzie','0997 Kelsey Corners, North Brenda, TX 15816',212),(52,'David','Chavez','5054 Brown Loop Apt. 970, Juanport, MA 43362',238),(53,'Joseph','Anderson','Unit 4336 Box 7854, DPO AE 71238',110),(54,'Matthew','Brown','134 Stacey Plain, North Brian, TN 51823',190),(55,'Daniel','Hernandez','9529 Laura Spurs Apt. 197, North Robert, OR 32923',226),(56,'Diane','Hood','406 Jones Plains, Alanbury, OK 75174',97),(57,'Roger','Harrington','1632 Joseph Meadows, South Steven, NV 75339',254),(58,'Travis','Daniels','014 Timothy Crest, Port Kenneth, AR 34376',125),(59,'Denise','White','2191 Guzman Rest Suite 907, Walterside, NV 04332',13),(60,'Kelly','Palmer','912 Soto Mews Apt. 939, North Juanport, ID 91967',61),(61,'Brittany','Brown','USS Ross, FPO AE 58710',137),(62,'Diana','Snow','29646 Kurt Roads, North Michaelside, DC 46818',245),(63,'Sergio','Cline','8695 Ross Prairie, Martinezmouth, LA 91948',45),(64,'Tyler','Kelly','56976 Bryant Land, Port Christina, LA 28507',126),(65,'Nicholas','Carter','14025 Jennifer Hollow, New Nicole, MN 70260',32),(66,'James','Harding','342 Natasha Island Apt. 928, Edwardview, AK 24170',178),(67,'Deborah','Pittman','924 Aguilar Neck Apt. 704, Laurenland, ME 82337',280),(68,'Samantha','Conrad','610 Anderson Light, Stephenstad, ME 21372',121),(69,'Matthew','Benton','744 Charles Valleys, East Christine, SC 48222',19),(70,'Derrick','Liu','81457 Lauren Bypass, New Jillian, SD 38247',169),(71,'Antonio','Lyons','214 Castillo Ports Suite 326, North Joseph, SC 49053',93),(72,'Autumn','James','4280 Jasmine Dam Suite 606, Davischester, DE 17931',56),(73,'Robert','Kline','78030 Diana Unions Apt. 419, Jeffreyton, TN 99693',20),(74,'Michael','Knox','7022 Heather Run, Hamiltonshire, AZ 04997',71),(75,'Clarence','Coleman','86772 Miller Forges, Bellland, MN 34102',163),(76,'April','Reynolds','880 Wilson Trafficway Suite 147, Davidshire, KS 53188',253),(77,'Alejandra','Nelson','36108 Smith Village, Michaelburgh, GA 56030',263),(78,'Jeremiah','Mckenzie','96435 Jennifer Corners Suite 336, Allenbury, DE 26200',81),(79,'Alexandria','Hawkins','USCGC Griffin, FPO AA 73058',148),(80,'Scott','Scott','05382 Thomas Freeway, North Robert, AL 05177',276),(81,'Christopher','Martin','6701 Gabriel River Apt. 762, South Stephanieton, NC 30415',210),(82,'Annette','Fritz','9555 Sharon Divide, New Michealview, DE 12936',279),(83,'Robert','Mills','USNV Kerr, FPO AP 34013',84),(84,'April','Fields','54792 William Fork Suite 668, Michaelchester, MA 44196',86),(85,'Cynthia','Blackwell','5915 Ashley Mission Suite 549, Cisnerosshire, CT 33799',246),(86,'William','Nguyen','17585 Chelsea Track Suite 820, New James, ID 55552',261),(87,'Samantha','Johnson','52630 Clark Circle Apt. 230, Mooreland, CA 69435',106),(88,'Pamela','Garcia','072 Parker Row Suite 511, New Jennifer, WY 15821',211),(89,'Samantha','Harrington','74354 Christine Fort Apt. 766, Schmidtport, TX 87908',17),(90,'Donald','Allison','1006 Wells Roads, Lake Debraside, HI 40226',184),(91,'Shawn','Ho','190 Sanford Crest, South Elizabeth, AR 94524',231),(92,'Steven','Davenport','7504 Jeffrey Field, West Matthew, SC 76269',196),(93,'Jacob','Meza','45421 Rubio Mills, Lake James, CT 94754',283),(94,'William','Lawson','PSC 9614, Box 5602, APO AA 71690',108),(95,'Kyle','Nunez','163 Gallegos Cliff Suite 616, Port Amanda, TX 79297',1),(96,'Kevin','Rose','USCGC Weaver, FPO AA 11539',51),(97,'Hector','Smith','10193 Campbell Flats, Lake Andreaville, VA 21027',258),(98,'James','Curry','6421 Michael Dam Apt. 057, Port Samanthamouth, HI 63974',26),(99,'Lisa','Adkins','282 Barrett Mission, New Cindyfurt, WV 33503',119),(100,'Jeremiah','Chandler','650 John Mews, North Brandi, TN 27626',244),(101,'Loretta','Richardson','6975 Barrett Courts, Jameshaven, IA 66837',157),(102,'Daniel','Rice','213 Larson Ford, Longhaven, MA 19776',42),(103,'Amanda','Brooks','5190 Brian Squares, Weissstad, KY 63548',115),(104,'Joshua','Lopez','3721 Johnson Loop Suite 375, South Maryberg, VA 19576',4),(105,'Andrew','Jones','045 Ryan Dam, Jessicafurt, IN 01990',102),(106,'Philip','Stewart','19706 Hull Knoll Apt. 137, New Ashley, TX 74295',135),(107,'Michael','Garcia','0839 Stewart Lane, West Paulborough, GA 27500',240),(108,'Cynthia','Watkins','679 Swanson Vista Apt. 331, New Mason, LA 19188',100),(109,'Benjamin','Morgan','0077 Lindsey Dam Apt. 767, Colemanborough, WV 59867',33),(110,'Eugene','Christensen','45511 Rogers Oval, New Kimberlyton, NH 93764',177),(111,'Martha','Miller','5983 Carol Hill, West Johnland, DC 11370',222),(112,'Anthony','Navarro','23151 Lopez Fork, North Craighaven, CO 22769',223),(113,'Robert','Gutierrez','PSC 6934, Box 5376, APO AA 90927',185),(114,'Wendy','Olsen','12432 Ochoa Spring, Millerstad, ID 51066',77),(115,'Brian','Houston','44108 Patricia Spurs, Port Laurenbury, OR 61835',103),(116,'Seth','Collins','521 Nelson Estate, Susanmouth, SC 91526',24),(117,'Lauren','Henderson','659 Russell Drives, Kristinemouth, WA 07445',242),(118,'Megan','Gonzalez','0019 Watson Hill Suite 030, Contrerasside, IA 41992',201),(119,'Andrew','Munoz','646 Mendez Ports, East Cindy, PA 14756',74),(120,'Isabel','Lucas','579 Chase Vista, Josephport, ME 31610',160),(121,'Jody','Reeves','07697 Humphrey Summit, Hayesview, CT 95910',25),(122,'Randy','Smith','185 Cardenas Circle, West Amanda, CO 93323',21),(123,'Jill','Williams','226 Foster Village, Wilsonchester, AZ 57812',170),(124,'Vanessa','Decker','852 Shane Courts Apt. 932, Andrewfurt, AK 02629',247),(125,'Kimberly','Burns','366 Gregory Brooks, South David, FL 08914',264),(126,'Robert','Wilkins','322 Kane Mission, Lake Rachel, GA 35116',251),(127,'Sean','Soto','773 Shelley Extensions Suite 040, Nicoleville, DC 79292',207),(128,'Randy','Cox','PSC 6181, Box 1172, APO AP 71584',105),(129,'Brandi','Little','97843 Cynthia Freeway Apt. 169, South Lorimouth, ID 48716',247),(130,'Richard','Potter','41279 Wright Glen Suite 855, Taylorshire, MA 39580',194),(131,'Dustin','Bird','693 Baker Stream, Lake Stephen, MD 17924',275),(132,'Ashley','Ballard','Unit 7117 Box 9781, DPO AE 66349',249),(133,'Kathy','Duran','395 Tammy Avenue Apt. 439, Pamelatown, RI 97923',133),(134,'Alex','Price','1832 Adams Field, Lake Andreborough, OH 23376',267),(135,'Daryl','Carrillo','332 Jones Isle, Davidburgh, VA 55634',285),(136,'Riley','Green','1302 Michelle Spring, Ryanfurt, WA 29333',166),(137,'Lisa','Barnes','78228 Medina Squares Apt. 176, North Tina, NY 86162',229),(138,'Jason','Smith','7681 Willis Vista, Karenland, DE 57717',127),(139,'Helen','Campbell','264 Blanchard Motorway Suite 460, Carrillomouth, NE 06533',232),(140,'Steven','Jones','98521 Robin Manors, Lopezchester, MO 93436',195),(141,'Linda','West','79030 Theresa Ridge Suite 870, Bonnieland, NH 16059',248),(142,'Claire','Robbins','9407 Jeremy Highway Suite 965, New Deborahfurt, PA 43317',220),(143,'Shannon','Herrera','5662 Greene Pass, Port Amanda, IA 15070',219),(144,'Mark','Tran','10469 Karen Prairie Apt. 959, Ramosmouth, AK 19940',205),(145,'Heather','Marshall','024 Perez Mountain Apt. 740, Parkerfort, NH 21595',252),(146,'Jacqueline','Good','00114 Yolanda Terrace, Perezshire, NE 00668',35),(147,'Shirley','Alexander','08393 Williams Mountain Suite 717, South Robert, NM 67686',179),(148,'Kevin','Cannon','923 Nelson Row, Laurenview, DE 39086',36),(149,'Jared','Reed','USNV Smith, FPO AA 01131',188),(150,'Curtis','Acosta','217 Burns Plains, Edwinshire, SD 93976',200),(151,'Justin','Cline','344 Margaret Burgs Suite 504, Kennethhaven, TX 03536',64),(152,'Scott','Porter','569 Matthew Loaf Apt. 912, Whitneyview, MT 59214',85),(153,'Vernon','Martin','006 Mary Track, Port Alejandro, AR 89780',37),(154,'Steven','Cooper','9725 Wright Isle, Garciaton, MI 77957',235),(155,'Dakota','Thomas','6416 Jessica Common Suite 796, New Courtney, AL 61587',193),(156,'Jacqueline','Wilson','6159 Roberts Crossroad, Kelseyport, WY 62113',57),(157,'Jeffery','Hoffman','051 Reed Harbors, East Amberport, KS 47785',70),(158,'Ethan','Smith','9828 Graham Green, Lake Nicholaschester, PA 06283',138),(159,'James','Brock','499 Estrada Park Apt. 027, Port Cassie, OR 04267',123),(160,'Shannon','Martinez','4110 Smith Ranch, North Kevin, KS 84256',189),(161,'Derek','Dawson','73335 Manning Corner Apt. 224, South Paula, ME 32154',269),(162,'Natalie','Combs','20131 Richard Corner, Charlesfurt, WA 98753',131),(163,'Clayton','Osborne','2085 Wendy Junctions, South Cynthia, MA 16888',199),(164,'Benjamin','Smith','3360 Angela Court Apt. 682, Dunnstad, MD 38005',75),(165,'Veronica','Daniels','02608 David Glen, North Christophertown, AK 14518',147),(166,'Alison','Singh','95699 David Port Apt. 676, Emilymouth, TX 12540',31),(167,'Tara','Smith','183 Cameron Parkway, Whiteheadland, MN 35585',28),(168,'Taylor','Page','USNV Miller, FPO AP 73464',290),(169,'Carolyn','Nguyen','9186 Amber Street, East Melissa, DE 84950',145),(170,'Jeffrey','Hernandez','315 Lopez Knoll, Jacobton, DC 27163',215),(171,'Laura','Lara','PSC 3221, Box 9104, APO AP 44947',41),(172,'Jose','Brown','957 Kenneth River, Port Joseph, ID 43957',173),(173,'Anthony','Bauer','PSC 2250, Box 5350, APO AA 87250',186),(174,'Brian','Valdez','245 Joseph Trace Apt. 456, Jonesshire, MO 88715',48),(175,'Pamela','Ross','68771 Hall Station, West Bradleyburgh, SD 41573',262),(176,'Theresa','York','776 Lawson Wall Apt. 020, Warrenville, OH 25011',144),(177,'Erica','Navarro','9859 John Plaza Apt. 097, Chenburgh, KY 49847',62),(178,'Lisa','Townsend','94216 Charles Tunnel, North Miranda, WV 18212',69),(179,'Jeremy','Russell','50054 Kristin Ridges Suite 737, Biancaburgh, MD 53528',112),(180,'Sydney','Carroll','8532 Richard Tunnel, Keithbury, ME 81729',202),(181,'Kelly','Long','627 Natalie Street Apt. 385, Garciachester, RI 77084',187),(182,'Glen','Williams','94788 Warren Cliffs, Lake Brenda, NH 56724',292),(183,'Tammy','Ross','4955 Brittany Dale, Thomasborough, FL 08642',237),(184,'Bradley','Torres','106 Ellen Port Apt. 025, East Cindy, MA 21151',83),(185,'Paul','Nelson','44767 Carpenter Mission, Devonfort, NY 18053',204),(186,'Douglas','Larson','62191 Willis Harbor Suite 102, Brianton, TN 95009',203),(187,'Laura','Myers','13068 Harrington Pike, West Kevin, AK 44273',22),(188,'Sandra','Alvarado','000 Kelley Curve, Stevenside, OR 79837',294),(189,'Jennifer','Riggs','3036 Amanda Wells Suite 666, West William, MN 63772',181),(190,'Jennifer','Baker','48091 Eric Harbor, Juanton, MD 12493',16),(191,'Renee','Davis','98510 Peterson Underpass Suite 029, Robertbury, MD 78638',89),(192,'Daniel','Duncan','262 Moore Courts Apt. 151, Morenochester, MT 55883',125),(193,'Jay','Blake','7627 Eric Flat Apt. 858, Austinhaven, IL 93434',9),(194,'Luis','Barron','14750 Banks Streets Suite 000, Julieville, CA 29792',209),(195,'Jesse','Nicholson','740 Hicks Gateway, Katherineville, ME 34795',208),(196,'Jenna','Young','091 Carter Station Suite 361, Smithborough, HI 50041',40),(197,'Hannah','Jones','790 Wright Ranch Suite 976, Estradaborough, HI 41060',136),(198,'Dawn','Stanley','7649 David Light, Kimberlybury, NV 79296',192),(199,'Stephanie','Jenkins','22139 Caitlin Circles Apt. 788, New Meganchester, ND 61623',2),(200,'Stephanie','Brooks','403 Christina Club, New Carolynfort, NE 94243',132),(201,'Samuel','Williams','31391 Thompson Run, Derrickfurt, TN 64954',255),(202,'Savannah','Williams','5210 Patricia Fork, Port Patriciaborough, MN 17919',191),(203,'Cindy','French','625 Jenkins Walk, Dodsonshire, WV 25259',134),(204,'David','Savage','55133 Elizabeth River Apt. 319, Tiffanyfort, RI 79875',214),(205,'Jason','Horton','Unit 8548 Box 9829, DPO AE 13662',104),(206,'Micheal','Ellis','0879 Dudley Port, Caitlinmouth, WV 02922',149),(207,'Phillip','Bryan','4526 Rivers Creek Apt. 098, Youngville, SD 61673',139),(208,'Tiffany','Brown','8889 Jennifer Ranch, South Brandon, MA 92524',268),(209,'Thomas','Carpenter','Unit 9109 Box 4108, DPO AP 61109',197),(210,'Sherry','White','9434 Maria Haven Suite 128, Stewartport, NJ 03864',175),(211,'Jill','Sparks','USCGC Wright, FPO AA 25557',11),(212,'Jason','Thomas','30206 Park Courts Apt. 858, Lisafort, TX 29060',282),(213,'Kevin','Hill','80763 Kimberly Alley Suite 174, South Kellyfurt, TX 02090',174),(214,'Madison','Mckenzie','911 Evans Walk, Grimeschester, NC 64069',46),(215,'Kylie','Gross','42270 Michael Parkways Suite 726, Serranofort, MN 59695',159),(216,'Jasmine','Booker','132 Aaron Overpass Apt. 655, New Sandrachester, WY 18515',43),(217,'Jaclyn','Dean','50176 Sharp Mount, Miguelberg, AL 75825',180),(218,'Thomas','Johnston','USS Mercado, FPO AA 49201',183),(219,'Juan','Price','23338 Jackson Pike Apt. 727, New Shannonton, WY 34565',250),(220,'George','Rogers','963 Jason Knoll Suite 431, North Jamie, NC 08042',266),(221,'Richard','Mack','298 Allison Tunnel Suite 521, Cummingsshire, CO 34505',95),(222,'Tracy','Wilson','781 John Crossing Apt. 723, Cindyfurt, AK 38376',128),(223,'Samuel','Foster','31293 Andrew Pass Apt. 130, Lake Taylor, NJ 99925',96),(224,'Patricia','Ruiz','PSC 6165, Box 1179, APO AP 57026',5),(225,'Ricky','Patterson','272 Turner Village, Lake Sarah, UT 34482',218),(226,'Linda','Harris','2116 David Divide, Thomashaven, IA 96137',176),(227,'Robert','Garza','072 Jennifer Roads, Yolandaton, PA 24914',15),(228,'Summer','Hall','58840 Stephen Hollow, Fisherburgh, SC 19595',124),(229,'Adam','Morales','974 Griffin Wells, West Brandonstad, GA 33450',225),(230,'Stephen','Burns','52778 Smith Streets Apt. 266, New Nancyland, WY 50698',142),(231,'Bobby','Taylor','2994 Jacqueline Loaf, North Rodneyton, CT 72753',291),(232,'Ryan','Sullivan','9661 Pierce Glens Suite 700, Hamiltontown, HI 28086',243),(233,'Carlos','Gilbert','70546 Karen Terrace Suite 238, Michaelburgh, MN 09855',198),(234,'Ann','Caldwell','861 Larry Branch Apt. 889, Lewisberg, MO 88074',34),(235,'John','Mcguire','280 Deleon Meadows Suite 503, Brendafort, VA 94714',230),(236,'Travis','Douglas','829 Robert Plaza Apt. 373, New Steven, PA 36520',165),(237,'Kevin','Kramer','8232 Rebecca Rapid Apt. 566, East Annaside, NJ 84663',52),(238,'Amy','Rodriguez','17806 John Street Apt. 575, Rachelview, AR 43611',73),(239,'Jason','Watson','716 David Island Apt. 919, New Vicki, KS 42826',259),(240,'Shane','Campbell','12205 Mason Divide, New Loganstad, KY 32505',260),(241,'Frances','Oneal','77702 Carlos Skyway, East Loretta, OR 69206',67),(242,'Karen','Salinas','2622 Chelsea Center, North Josefurt, DE 37780',107),(243,'Victoria','Oconnell','222 Fowler Light Suite 991, Smithland, NH 91320',79),(244,'Jason','Marquez','23034 Nunez Well Suite 550, Davidberg, NY 86153',38),(245,'Autumn','Smith','9442 Hines Rue, Schultzburgh, DE 20790',66),(246,'Jerry','Mccall','4215 Donna Junctions, Lindaberg, NH 46693',152),(247,'Latasha','Howell','843 Juan Forges Apt. 527, Virginiahaven, NJ 53906',143),(248,'Gerald','Lawrence','91926 Kara Greens Suite 977, Williamsmouth, IN 06697',151),(249,'Theresa','Harris','58670 Peterson Center Suite 304, Fowlerfurt, AZ 84647',92),(250,'Charles','Garcia','526 Justin Landing, Paulstad, WV 68772',113),(251,'Amanda','Poole','4683 Christopher Lock Suite 468, Hoganfort, TX 82066',278),(252,'Jessica','Diaz','8234 Peters Lights Suite 264, Tylermouth, FL 03384',49),(253,'James','Anderson','2041 Shaffer Mountains, New Douglas, WA 46920',117),(254,'James','Thomas','17672 Kevin Locks, Jacquelineport, MO 07171',239),(255,'Robert','Rosales','63217 Ashley Parks Apt. 497, Scotttown, VA 12963',258),(256,'Rachael','Scott','1026 Valenzuela Village, Kimberlyside, WY 62327',274),(257,'Stephanie','Elliott','692 Kathryn Curve Apt. 047, Johnsonview, TX 07124',18),(258,'Jacqueline','Hill','2740 Williams Run, Bushstad, WV 85358',233),(259,'Christopher','Williamson','58459 Linda Track Suite 377, South Jeremyview, NC 50334',120),(260,'Jennifer','Brown','070 Mendoza Flat, Romeroshire, LA 14401',90),(261,'Michael','Moon','762 Robert Plains Suite 602, Smithville, DE 17286',55),(262,'Angela','Sellers','3549 Cody Valleys, Port Diana, NE 86930',140),(263,'Jeremy','Terry','3359 White Alley, New Victoria, GA 33894',114),(264,'Sherry','Lee','1943 Powell Crossing, Garciabury, GA 88183',224),(265,'Brandon','Smith','213 Garrett Fort, New Williamborough, UT 38340',271),(266,'Maria','Blair','7180 Lewis Inlet Suite 108, Stephensmouth, FL 16616',47),(267,'Gina','Hall','0403 Jesse Viaduct Apt. 981, West John, OR 05270',130),(268,'Christina','Glenn','267 Brennan Roads Suite 385, Lewiston, NH 46859',162),(269,'David','Hopkins','182 Pittman Harbors Apt. 678, Jaymouth, FL 99289',146),(270,'James','Wilson','129 Miguel Prairie, Anitaville, WI 70251',221),(271,'Alexis','Jones','9552 Holly Forks, East Karen, PA 45736',273),(272,'Gabrielle','Lopez','2729 Hopkins Crossing, Lake Jessicashire, IN 14581',272),(273,'Robert','Johnson','Unit 7878 Box 0989, DPO AP 37978',10),(274,'Robert','Ramsey','92448 Russo Port, Port Jordan, NE 45648',60),(275,'Sarah','Wheeler','8724 Lance Isle Apt. 633, Millermouth, AL 53725',68),(276,'Shannon','Cervantes','1410 Kelly Knolls, Pittmanberg, AR 20439',63),(277,'Brenda','Ramirez','9738 Fuller Cliffs, Brandonport, OH 48773',80),(278,'Sarah','Thomas','8446 Reynolds Summit Suite 879, West Brady, MN 42538',109),(279,'Richard','Ellis','73987 Williams Landing, Williamsburgh, MS 14489',87),(280,'Logan','Romero','821 James Glens Suite 451, Lake Brandi, MT 08653',277),(281,'Logan','Cunningham','246 Brittany Neck Suite 167, Francisfort, WY 58314',236),(282,'Rodney','Hanson','26828 Anderson Landing Apt. 687, Kristyfurt, ID 50985',295),(283,'Wendy','Ferguson','562 Moore Union Suite 650, South Jimmy, CA 45389',118),(284,'Rebecca','Garcia','98192 Connie Island, North Denise, MI 12654',150),(285,'Jerry','Myers','23031 Barrera Junctions, West Jamie, HI 99591',8),(286,'Melissa','Mckinney','27427 Nathan Points, Stevetown, NM 09975',27),(287,'Susan','Bowen','2721 Kathy Locks, Penastad, TX 25561',286),(288,'Lisa','Rodriguez','Unit 7020 Box 4299, DPO AA 05669',158),(289,'Michelle','Moore','733 Santiago Expressway Apt. 931, East Kevin, DE 20322',281),(290,'Antonio','Walsh','532 Green Walk Suite 434, New Jeffreyville, MT 30541',287),(291,'Melissa','Rojas','5423 Estrada Square Apt. 402, West Matthew, UT 51461',284),(292,'Justin','Nixon','267 Sharp Views Suite 560, New Charlesmouth, OK 11130',53),(293,'Keith','Moore','USCGC Foster, FPO AE 51017',182),(294,'Shawn','Flores','92615 Michelle Groves, New Paul, PA 08238',122),(295,'Kelsey','Carter','3763 Bradshaw Causeway Suite 278, Seanshire, CA 28956',172),(296,'Arthur','Schmitt','618 Haynes Points, Craigmouth, CO 50570',228),(297,'Sarah','Reeves','486 Booker Expressway, East Charles, TN 66867',206),(298,'William','Johnson','7701 Kristen Burgs, Gonzaleztown, MD 47659',288),(299,'Christine','Gross','174 Rivera Ways, Jeffreymouth, SC 31396',12),(300,'Daniel','Salazar','4781 Alexander Flats Apt. 825, North Tarahaven, AR 23877',54);
/*!40000 ALTER TABLE `user` ENABLE KEYS */;
UNLOCK TABLES;
/*!40103 SET TIME_ZONE=@OLD_TIME_ZONE */;

/*!40101 SET SQL_MODE=@OLD_SQL_MODE */;
/*!40014 SET FOREIGN_KEY_CHECKS=@OLD_FOREIGN_KEY_CHECKS */;
/*!40014 SET UNIQUE_CHECKS=@OLD_UNIQUE_CHECKS */;
/*!40101 SET CHARACTER_SET_CLIENT=@OLD_CHARACTER_SET_CLIENT */;
/*!40101 SET CHARACTER_SET_RESULTS=@OLD_CHARACTER_SET_RESULTS */;
/*!40101 SET COLLATION_CONNECTION=@OLD_COLLATION_CONNECTION */;
/*!40111 SET SQL_NOTES=@OLD_SQL_NOTES */;

-- Dump completed on 2025-02-06 13:01:20
